{
    "NE-COARSE-LIT": {
        "TIME-ALL": {
            "LED-ALL": {
                "LOC": {
                    "partial": {
                        "correct": 835,
                        "incorrect": 0,
                        "partial": 40,
                        "missed": 71,
                        "spurious": 127,
                        "possible": 946,
                        "actual": 1002,
                        "TP": 835,
                        "FP": 167,
                        "FN": 111,
                        "P_micro": 0.8532934131736527,
                        "R_micro": 0.9038054968287527,
                        "F1_micro": 0.8778234086242299,
                        "P_macro_doc": 0.8461972123517266,
                        "R_macro_doc": 0.9105224358240871,
                        "F1_macro_doc": 0.872628606105259,
                        "P_macro_doc_std": 0.20542633363907756,
                        "R_macro_doc_std": 0.10496308952250542,
                        "F1_macro_doc_std": 0.13287219573565676
                    },
                    "strict": {
                        "correct": 813,
                        "incorrect": 62,
                        "partial": 0,
                        "missed": 71,
                        "spurious": 127,
                        "possible": 946,
                        "actual": 1002,
                        "TP": 813,
                        "FP": 189,
                        "FN": 133,
                        "P_micro": 0.811377245508982,
                        "R_micro": 0.8594080338266384,
                        "F1_micro": 0.8347022587268994,
                        "P_macro_doc": 0.8126260435297535,
                        "R_macro_doc": 0.873658104291167,
                        "F1_macro_doc": 0.8376012087632699,
                        "P_macro_doc_std": 0.22263985443758427,
                        "R_macro_doc_std": 0.14345642383192,
                        "F1_macro_doc_std": 0.16385068255288748
                    },
                    "ent_type": {
                        "correct": 844,
                        "incorrect": 31,
                        "partial": 0,
                        "missed": 71,
                        "spurious": 127,
                        "possible": 946,
                        "actual": 1002,
                        "TP": 844,
                        "FP": 158,
                        "FN": 102,
                        "P_micro": 0.8423153692614771,
                        "R_micro": 0.8921775898520085,
                        "F1_micro": 0.8665297741273101,
                        "P_macro_doc": 0.8419549234454173,
                        "R_macro_doc": 0.9043806724418212,
                        "F1_macro_doc": 0.8677139057674538,
                        "P_macro_doc_std": 0.21647054914497785,
                        "R_macro_doc_std": 0.12161151478778433,
                        "F1_macro_doc_std": 0.1499218818907109
                    },
                    "exact": {
                        "correct": 835,
                        "incorrect": 40,
                        "partial": 0,
                        "missed": 71,
                        "spurious": 127,
                        "possible": 946,
                        "actual": 1002,
                        "TP": 835,
                        "FP": 167,
                        "FN": 111,
                        "P_micro": 0.8333333333333334,
                        "R_micro": 0.8826638477801269,
                        "F1_micro": 0.8572895277207392,
                        "P_macro_doc": 0.8279833417520727,
                        "R_macro_doc": 0.8913604524480605,
                        "F1_macro_doc": 0.8538761874395644,
                        "P_macro_doc_std": 0.21588567186189042,
                        "R_macro_doc_std": 0.1325739834653575,
                        "F1_macro_doc_std": 0.15219932850711432
                    }
                },
                "STREET": {
                    "partial": {
                        "correct": 47,
                        "incorrect": 0,
                        "partial": 4,
                        "missed": 5,
                        "spurious": 5,
                        "possible": 56,
                        "actual": 56,
                        "TP": 47,
                        "FP": 9,
                        "FN": 9,
                        "P_micro": 0.875,
                        "R_micro": 0.875,
                        "F1_micro": 0.875,
                        "P_macro_doc": 0.8714285714285714,
                        "R_macro_doc": 0.8764705882352941,
                        "F1_macro_doc": 0.900889850889851,
                        "P_macro_doc_std": 0.2826622705344197,
                        "R_macro_doc_std": 0.2361565078370097,
                        "F1_macro_doc_std": 0.18284974373171578
                    },
                    "strict": {
                        "correct": 34,
                        "incorrect": 17,
                        "partial": 0,
                        "missed": 5,
                        "spurious": 5,
                        "possible": 56,
                        "actual": 56,
                        "TP": 34,
                        "FP": 22,
                        "FN": 22,
                        "P_micro": 0.6071428571428571,
                        "R_micro": 0.6071428571428571,
                        "F1_micro": 0.6071428571428571,
                        "P_macro_doc": 0.6309523809523809,
                        "R_macro_doc": 0.6352941176470588,
                        "F1_macro_doc": 0.6495670995670995,
                        "P_macro_doc_std": 0.4283067966051211,
                        "R_macro_doc_std": 0.4136708912955651,
                        "F1_macro_doc_std": 0.39958640686641655
                    },
                    "ent_type": {
                        "correct": 37,
                        "incorrect": 14,
                        "partial": 0,
                        "missed": 5,
                        "spurious": 5,
                        "possible": 56,
                        "actual": 56,
                        "TP": 37,
                        "FP": 19,
                        "FN": 19,
                        "P_micro": 0.6607142857142857,
                        "R_micro": 0.6607142857142857,
                        "F1_micro": 0.6607142857142857,
                        "P_macro_doc": 0.7023809523809523,
                        "R_macro_doc": 0.7088235294117646,
                        "F1_macro_doc": 0.7253246753246753,
                        "P_macro_doc_std": 0.408387126818995,
                        "R_macro_doc_std": 0.3913742190227249,
                        "F1_macro_doc_std": 0.37261798412169445
                    },
                    "exact": {
                        "correct": 47,
                        "incorrect": 4,
                        "partial": 0,
                        "missed": 5,
                        "spurious": 5,
                        "possible": 56,
                        "actual": 56,
                        "TP": 47,
                        "FP": 9,
                        "FN": 9,
                        "P_micro": 0.8392857142857143,
                        "R_micro": 0.8392857142857143,
                        "F1_micro": 0.8392857142857143,
                        "P_macro_doc": 0.8214285714285714,
                        "R_macro_doc": 0.8250000000000001,
                        "F1_macro_doc": 0.8478595478595479,
                        "P_macro_doc_std": 0.3663108972845167,
                        "R_macro_doc_std": 0.33480679239718864,
                        "F1_macro_doc_std": 0.30655141432641486
                    }
                },
                "BUILDING": {
                    "partial": {
                        "correct": 98,