{
    "NE-COARSE-LIT": {
        "TIME-ALL": {
            "LED-ALL": {
                "ORG": {
                    "partial": {
                        "correct": 16,
                        "incorrect": 0,
                        "partial": 26,
                        "missed": 57,
                        "spurious": 95,
                        "possible": 99,
                        "actual": 137,
                        "TP": 16,
                        "FP": 121,
                        "FN": 83,
                        "P_micro": 0.2116788321167883,
                        "R_micro": 0.29292929292929293,
                        "F1_micro": 0.2457627118644068,
                        "P_macro_doc": 0.19532387787650946,
                        "R_macro_doc": 0.2956715838509317,
                        "F1_macro_doc": 0.20277238997419889,
                        "P_macro_doc_std": 0.15731586008906281,
                        "R_macro_doc_std": 0.2150066513412782,
                        "F1_macro_doc_std": 0.13941863977745936
                    },
                    "strict": {
                        "correct": 7,
                        "incorrect": 35,
                        "partial": 0,
                        "missed": 57,
                        "spurious": 95,
                        "possible": 99,
                        "actual": 137,
                        "TP": 7,
                        "FP": 130,
                        "FN": 92,
                        "P_micro": 0.051094890510948905,
                        "R_micro": 0.0707070707070707,
                        "F1_micro": 0.05932203389830508,
                        "P_macro_doc": 0.055899188530767474,
                        "R_macro_doc": 0.04867581090407177,
                        "F1_macro_doc": 0.04997430494886684,
                        "P_macro_doc_std": 0.07263984789193764,
                        "R_macro_doc_std": 0.0524143374692217,
                        "F1_macro_doc_std": 0.0587857916737595
                    },
                    "ent_type": {
                        "correct": 17,
                        "incorrect": 25,
                        "partial": 0,
                        "missed": 57,
                        "spurious": 95,
                        "possible": 99,
                        "actual": 137,
                        "TP": 17,
                        "FP": 120,
                        "FN": 82,
                        "P_micro": 0.12408759124087591,
                        "R_micro": 0.1717171717171717,
                        "F1_micro": 0.1440677966101695,
                        "P_macro_doc": 0.11161589287905076,
                        "R_macro_doc": 0.15667701863354036,
                        "F1_macro_doc": 0.1097071144838245,
                        "P_macro_doc_std": 0.11551413663214163,
                        "R_macro_doc_std": 0.1601767514863249,
                        "F1_macro_doc_std": 0.10381882853043987
                    },
                    "exact": {
                        "correct": 16,
                        "incorrect": 26,
                        "partial": 0,
                        "missed": 57,
                        "spurious": 95,
                        "possible": 99,
                        "actual": 137,
                        "TP": 16,
                        "FP": 121,
                        "FN": 83,
                        "P_micro": 0.11678832116788321,
                        "R_micro": 0.16161616161616163,
                        "F1_micro": 0.13559322033898305,
                        "P_macro_doc": 0.10039465797360533,
                        "R_macro_doc": 0.14713595583160802,
                        "F1_macro_doc": 0.10002864522367068,
                        "P_macro_doc_std": 0.10308380891886128,
                        "R_macro_doc_std": 0.15444187466451317,
                        "F1_macro_doc_std": 0.09394926624788866
                    }
                },
                "PER": {
                    "partial": {
                        "correct": 72,
                        "incorrect": 0,
                        "partial": 89,
                        "missed": 34,
                        "spurious": 98,
                        "possible": 195,
                        "actual": 259,
                        "TP": 72,
                        "FP": 187,
                        "FN": 123,
                        "P_micro": 0.4498069498069498,
                        "R_micro": 0.5974358974358974,
                        "F1_micro": 0.513215859030837,
                        "P_macro_doc": 0.49685574229691876,
                        "R_macro_doc": 0.6358454556113349,
                        "F1_macro_doc": 0.5354099186193885,
                        "P_macro_doc_std": 0.21257143802532064,
                        "R_macro_doc_std": 0.14274395905449505,
                        "F1_macro_doc_std": 0.1891641208809327
                    },
                    "strict": {
                        "correct": 41,
                        "incorrect": 120,
                        "partial": 0,
                        "missed": 34,
                        "spurious": 98,
                        "possible": 195,
                        "actual": 259,
                        "TP": 41,
                        "FP": 218,
                        "FN": 154,
                        "P_micro": 0.1583011583011583,
                        "R_micro": 0.21025641025641026,
                        "F1_micro": 0.18061674008810572,
                        "P_macro_doc": 0.1887819370172311,
                        "R_macro_doc": 0.2304036343229856,
                        "F1_macro_doc": 0.202887941222045,
                        "P_macro_doc_std": 0.1092998963982732,
                        "R_macro_doc_std": 0.14676478261961481,
                        "F1_macro_doc_std": 0.11780802624921105
                    },
                    "ent_type": {
                        "correct": 103,
                        "incorrect": 58,
                        "partial": 0,
                        "missed": 34,
                        "spurious": 98,
                        "possible": 195,
                        "actual": 259,
                        "TP": 103,
                        "FP": 156,
                        "FN": 92,
                        "P_micro": 0.39768339768339767,
                        "R_micro": 0.5282051282051282,
                        "F1_micro": 0.45374449339207046,
                        "P_macro_doc": 0.3908186911128087,
                        "R_macro_doc": 0.478565164765662,
                        "F1_macro_doc": 0.4207856457459189,
                        "P_macro_doc_std": 0.2042390344556869,
                        "R_macro_doc_std": 0.2663013422416144,
                        "F1_macro_doc_std": 0.21486524964055423
                    },
                    "exact": {
                        "correct": 72,
                        "incorrect": 89,
                        "partial": 0,
                        "missed": 34,
                        "spurious": 98,
                        "possible": 195,
                        "actual": 259,
                        "TP": 72,
                        "FP": 187,
                        "FN": 123,
                        "P_micro": 0.277992277992278,
                        "R_micro": 0.36923076923076925,
                        "F1_micro": 0.31718061674008813,
                        "P_macro_doc": 0.3398540022069434,
                        "R_macro_doc": 0.4014679806825197,
                        "F1_macro_doc": 0.3614302655715413,
                        "P_macro_doc_std": 0.223571943252764,
                        "R_macro_doc_std": 0.23027327100095155,
                        "F1_macro_doc_std": 0.22101369053498449
                    }
                },