{
    "NE-COARSE-LIT": {
        "TIME-ALL": {
            "LED-ALL": {
                "ORG": {
                    "partial": {
                        "correct": 17,
                        "incorrect": 0,
                        "partial": 42,
                        "missed": 52,
                        "spurious": 97,
                        "possible": 111,
                        "actual": 156,
                        "TP": 17,
                        "FP": 139,
                        "FN": 94,
                        "P_micro": 0.24358974358974358,
                        "R_micro": 0.34234234234234234,
                        "F1_micro": 0.28464419475655434,
                        "P_macro_doc": 0.2240827301353617,
                        "R_macro_doc": 0.3136479824523303,
                        "F1_macro_doc": 0.23494363882901773,
                        "P_macro_doc_std": 0.14262962559196235,
                        "R_macro_doc_std": 0.17174639890517385,
                        "F1_macro_doc_std": 0.1460922918581899
                    },
                    "strict": {
                        "correct": 8,
                        "incorrect": 51,
                        "partial": 0,
                        "missed": 52,
                        "spurious": 97,
                        "possible": 111,
                        "actual": 156,
                        "TP": 8,
                        "FP": 148,
                        "FN": 103,
                        "P_micro": 0.05128205128205128,
                        "R_micro": 0.07207207207207207,
                        "F1_micro": 0.0599250936329588,
                        "P_macro_doc": 0.05378980366276191,
                        "R_macro_doc": 0.04772884120710207,
                        "F1_macro_doc": 0.048781853046475795,
                        "P_macro_doc_std": 0.07589206173257679,
                        "R_macro_doc_std": 0.060108150398432696,
                        "F1_macro_doc_std": 0.06414577617514719
                    },
                    "ent_type": {
                        "correct": 20,
                        "incorrect": 39,
                        "partial": 0,
                        "missed": 52,
                        "spurious": 97,
                        "possible": 111,
                        "actual": 156,
                        "TP": 20,
                        "FP": 136,
                        "FN": 91,
                        "P_micro": 0.1282051282051282,
                        "R_micro": 0.18018018018018017,
                        "F1_micro": 0.149812734082397,
                        "P_macro_doc": 0.11395878370470021,
                        "R_macro_doc": 0.19561641257293433,
                        "F1_macro_doc": 0.12264207599890771,
                        "P_macro_doc_std": 0.09189192213326369,
                        "R_macro_doc_std": 0.1912353523542973,
                        "F1_macro_doc_std": 0.08520373902369777
                    },
                    "exact": {
                        "correct": 17,
                        "incorrect": 42,
                        "partial": 0,
                        "missed": 52,
                        "spurious": 97,
                        "possible": 111,
                        "actual": 156,
                        "TP": 17,
                        "FP": 139,
                        "FN": 94,
                        "P_micro": 0.10897435897435898,
                        "R_micro": 0.15315315315315314,
                        "F1_micro": 0.12734082397003746,
                        "P_macro_doc": 0.08448147537076757,
                        "R_macro_doc": 0.09016625886191106,
                        "F1_macro_doc": 0.08428636781810725,
                        "P_macro_doc_std": 0.09908883623751834,
                        "R_macro_doc_std": 0.11635683414191518,
                        "F1_macro_doc_std": 0.10233870427933037
                    }
                },
                "PER": {
                    "partial": {
                        "correct": 62,
                        "incorrect": 0,
                        "partial": 88,
                        "missed": 33,
                        "spurious": 99,
                        "possible": 183,
                        "actual": 249,
                        "TP": 62,
                        "FP": 187,
                        "FN": 121,
                        "P_micro": 0.42570281124497994,
                        "R_micro": 0.5792349726775956,
                        "F1_micro": 0.4907407407407408,
                        "P_macro_doc": 0.41090469790066564,
                        "R_macro_doc": 0.6690577334413191,
                        "F1_macro_doc": 0.5115405397346102,
                        "P_macro_doc_std": 0.24780066688156696,
                        "R_macro_doc_std": 0.1849474304990462,
                        "F1_macro_doc_std": 0.18608739543194022
                    },
                    "strict": {
                        "correct": 34,
                        "incorrect": 116,
                        "partial": 0,
                        "missed": 33,
                        "spurious": 99,
                        "possible": 183,
                        "actual": 249,
                        "TP": 34,
                        "FP": 215,
                        "FN": 149,
                        "P_micro": 0.13654618473895583,
                        "R_micro": 0.18579234972677597,
                        "F1_micro": 0.1574074074074074,
                        "P_macro_doc": 0.13334424312246893,
                        "R_macro_doc": 0.19449714728193376,
                        "F1_macro_doc": 0.16516947454292424,
                        "P_macro_doc_std": 0.10415368786597445,
                        "R_macro_doc_std": 0.13599932523494426,
                        "F1_macro_doc_std": 0.1109294797698438
                    },
                    "ent_type": {
                        "correct": 98,
                        "incorrect": 52,
                        "partial": 0,
                        "missed": 33,
                        "spurious": 99,
                        "possible": 183,
                        "actual": 249,
                        "TP": 98,
                        "FP": 151,
                        "FN": 85,
                        "P_micro": 0.39357429718875503,
                        "R_micro": 0.5355191256830601,
                        "F1_micro": 0.4537037037037037,
                        "P_macro_doc": 0.32146421007308107,
                        "R_macro_doc": 0.48680256053982807,
                        "F1_macro_doc": 0.4048956907430283,
                        "P_macro_doc_std": 0.20885120017426317,
                        "R_macro_doc_std": 0.2846199740002947,
                        "F1_macro_doc_std": 0.21789543549139762
                    },
                    "exact": {
                        "correct": 62,
                        "incorrect": 88,
                        "partial": 0,
                        "missed": 33,
                        "spurious": 99,
                        "possible": 183,
                        "actual": 249,
                        "TP": 62,
                        "FP": 187,
                        "FN": 121,
                        "P_micro": 0.24899598393574296,
                        "R_micro": 0.33879781420765026,
                        "F1_micro": 0.28703703703703703,
                        "P_macro_doc": 0.2830301866592189,
                        "R_macro_doc": 0.464967263671824,
                        "F1_macro_doc": 0.3464463256710968,
                        "P_macro_doc_std": 0.25056622360518316,
                        "R_macro_doc_std": 0.28246241030159575,
                        "F1_macro_doc_std": 0.2274370848007002
                    }
                },