{
    "NE-COARSE-LIT": {
        "TIME-ALL": {
            "LED-ALL": {
                "LOC": {
                    "partial": {
                        "correct": 488,
                        "incorrect": 0,
                        "partial": 26,
                        "missed": 77,
                        "spurious": 216,
                        "possible": 591,
                        "actual": 730,
                        "TP": 488,
                        "FP": 242,
                        "FN": 103,
                        "P_micro": 0.6863013698630137,
                        "R_micro": 0.8477157360406091,
                        "F1_micro": 0.7585162755488267,
                        "P_macro_doc": 0.6041215732096834,
                        "R_macro_doc": 0.817775497819317,
                        "F1_macro_doc": 0.8804967286462032,
                        "P_macro_doc_std": 0.44036308243821826,
                        "R_macro_doc_std": 0.2679328916847364,
                        "F1_macro_doc_std": 0.12557504340657666
                    },
                    "strict": {
                        "correct": 470,
                        "incorrect": 44,
                        "partial": 0,
                        "missed": 77,
                        "spurious": 216,
                        "possible": 591,
                        "actual": 730,
                        "TP": 470,
                        "FP": 260,
                        "FN": 121,
                        "P_micro": 0.6438356164383562,
                        "R_micro": 0.7952622673434856,
                        "F1_micro": 0.7115821347464043,
                        "P_macro_doc": 0.5647675800617987,
                        "R_macro_doc": 0.7598134255520681,
                        "F1_macro_doc": 0.8214506666622247,
                        "P_macro_doc_std": 0.43013914886444315,
                        "R_macro_doc_std": 0.27935253607564225,
                        "F1_macro_doc_std": 0.1840600791068216
                    },
                    "ent_type": {
                        "correct": 492,
                        "incorrect": 22,
                        "partial": 0,
                        "missed": 77,
                        "spurious": 216,
                        "possible": 591,
                        "actual": 730,
                        "TP": 492,
                        "FP": 238,
                        "FN": 99,
                        "P_micro": 0.673972602739726,
                        "R_micro": 0.8324873096446701,
                        "F1_micro": 0.744890234670704,
                        "P_macro_doc": 0.594875370947386,
                        "R_macro_doc": 0.7949033763812678,
                        "F1_macro_doc": 0.8607307757299584,
                        "P_macro_doc_std": 0.4446548098791254,
                        "R_macro_doc_std": 0.2728907961439912,
                        "F1_macro_doc_std": 0.15640524539757655
                    },
                    "exact": {
                        "correct": 488,
                        "incorrect": 26,
                        "partial": 0,
                        "missed": 77,
                        "spurious": 216,
                        "possible": 591,
                        "actual": 730,
                        "TP": 488,
                        "FP": 242,
                        "FN": 103,
                        "P_micro": 0.6684931506849315,
                        "R_micro": 0.8257191201353637,
                        "F1_micro": 0.7388342165026495,
                        "P_macro_doc": 0.5825557499783662,
                        "R_macro_doc": 0.7909211275153849,
                        "F1_macro_doc": 0.850965526440981,
                        "P_macro_doc_std": 0.43334879962090156,
                        "R_macro_doc_std": 0.27490223287840976,
                        "F1_macro_doc_std": 0.1574230403772319
                    }
                },
                "ORG": {
                    "partial": {
                        "correct": 24,
                        "incorrect": 0,
                        "partial": 17,
                        "missed": 38,
                        "spurious": 49,
                        "possible": 79,
                        "actual": 90,
                        "TP": 24,
                        "FP": 66,
                        "FN": 55,
                        "P_micro": 0.3611111111111111,
                        "R_micro": 0.41139240506329117,
                        "F1_micro": 0.38461538461538464,
                        "P_macro_doc": 0.3649732620320855,
                        "R_macro_doc": 0.42360853432282003,
                        "F1_macro_doc": 0.4634399315281669,
                        "P_macro_doc_std": 0.3499387953187156,
                        "R_macro_doc_std": 0.29808780439439125,
                        "F1_macro_doc_std": 0.2610198277090405
                    },
                    "strict": {
                        "correct": 20,
                        "incorrect": 21,
                        "partial": 0,
                        "missed": 38,
                        "spurious": 49,
                        "possible": 79,
                        "actual": 90,
                        "TP": 20,
                        "FP": 70,
                        "FN": 59,
                        "P_micro": 0.2222222222222222,
                        "R_micro": 0.25316455696202533,
                        "F1_micro": 0.23668639053254437,
                        "P_macro_doc": 0.19613784907902554,
                        "R_macro_doc": 0.20078463203463204,
                        "F1_macro_doc": 0.24206561412443764,
                        "P_macro_doc_std": 0.2808654056258356,
                        "R_macro_doc_std": 0.22885678416645477,
                        "F1_macro_doc_std": 0.2322784064876451
                    },
                    "ent_type": {
                        "correct": 30,
                        "incorrect": 11,
                        "partial": 0,
                        "missed": 38,
                        "spurious": 49,
                        "possible": 79,
                        "actual": 90,
                        "TP": 30,
                        "FP": 60,
                        "FN": 49,
                        "P_micro": 0.3333333333333333,
                        "R_micro": 0.379746835443038,
                        "F1_micro": 0.3550295857988166,
                        "P_macro_doc": 0.29117647058823526,
                        "R_macro_doc": 0.36424706246134814,
                        "F1_macro_doc": 0.36935517641399995,
                        "P_macro_doc_std": 0.35011948454512254,
                        "R_macro_doc_std": 0.3595798389174533,
                        "F1_macro_doc_std": 0.30973290059273406
                    },
                    "exact": {
                        "correct": 24,
                        "incorrect": 17,
                        "partial": 0,
                        "missed": 38,
                        "spurious": 49,
                        "possible": 79,
                        "actual": 90,
                        "TP": 24,
                        "FP": 66,
                        "FN": 55,
                        "P_micro": 0.26666666666666666,
                        "R_micro": 0.3037974683544304,
                        "F1_micro": 0.28402366863905326,
                        "P_macro_doc": 0.2558526440879382,
                        "R_macro_doc": 0.2662608225108225,
                        "F1_macro_doc": 0.31881631440454966,
                        "P_macro_doc_std": 0.30972807322803475,
                        "R_macro_doc_std": 0.2877620115269889,
                        "F1_macro_doc_std": 0.2602205308574465
                    }
                },