{
    "NE-COARSE-LIT": {
        "TIME-ALL": {
            "LED-ALL": {
                "LOC": {
                    "partial": {
                        "correct": 455,
                        "incorrect": 0,
                        "partial": 22,
                        "missed": 114,
                        "spurious": 219,
                        "possible": 591,
                        "actual": 696,
                        "TP": 455,
                        "FP": 241,
                        "FN": 136,
                        "P_micro": 0.6695402298850575,
                        "R_micro": 0.7884940778341794,
                        "F1_micro": 0.7241647241647242,
                        "P_macro_doc": 0.6166463857407065,
                        "R_macro_doc": 0.7630478987577651,
                        "F1_macro_doc": 0.7911661953061604,
                        "P_macro_doc_std": 0.43004719630574595,
                        "R_macro_doc_std": 0.2519977397640947,
                        "F1_macro_doc_std": 0.2106729302076823
                    },
                    "strict": {
                        "correct": 442,
                        "incorrect": 35,
                        "partial": 0,
                        "missed": 114,
                        "spurious": 219,
                        "possible": 591,
                        "actual": 696,
                        "TP": 442,
                        "FP": 254,
                        "FN": 149,
                        "P_micro": 0.6350574712643678,
                        "R_micro": 0.7478849407783418,
                        "F1_micro": 0.6868686868686869,
                        "P_macro_doc": 0.5822501897747452,
                        "R_macro_doc": 0.7175098932752736,
                        "F1_macro_doc": 0.7451943130386951,
                        "P_macro_doc_std": 0.43208376413624905,
                        "R_macro_doc_std": 0.26960937936470125,
                        "F1_macro_doc_std": 0.24614985703833006
                    },
                    "ent_type": {
                        "correct": 461,
                        "incorrect": 16,
                        "partial": 0,
                        "missed": 114,
                        "spurious": 219,
                        "possible": 591,
                        "actual": 696,
                        "TP": 461,
                        "FP": 235,
                        "FN": 130,
                        "P_micro": 0.6623563218390804,
                        "R_micro": 0.7800338409475466,
                        "F1_micro": 0.7163947163947165,
                        "P_macro_doc": 0.601411044365357,
                        "R_macro_doc": 0.7447797986384853,
                        "F1_macro_doc": 0.7724870809106381,
                        "P_macro_doc_std": 0.4389929011136167,
                        "R_macro_doc_std": 0.2680779581960759,
                        "F1_macro_doc_std": 0.24185199149226957
                    },
                    "exact": {
                        "correct": 455,
                        "incorrect": 22,
                        "partial": 0,
                        "missed": 114,
                        "spurious": 219,
                        "possible": 591,
                        "actual": 696,
                        "TP": 455,
                        "FP": 241,
                        "FN": 136,
                        "P_micro": 0.6537356321839081,
                        "R_micro": 0.7698815566835872,
                        "F1_micro": 0.7070707070707072,
                        "P_macro_doc": 0.5961986152994001,
                        "R_macro_doc": 0.7412258717126143,
                        "F1_macro_doc": 0.7667866488832684,
                        "P_macro_doc_std": 0.43496200992621054,
                        "R_macro_doc_std": 0.2699393913843072,
                        "F1_macro_doc_std": 0.24019377309247655
                    }
                },
                "PERS": {
                    "partial": {
                        "correct": 257,
                        "incorrect": 0,
                        "partial": 41,
                        "missed": 49,
                        "spurious": 143,
                        "possible": 347,
                        "actual": 441,
                        "TP": 257,
                        "FP": 184,
                        "FN": 90,
                        "P_micro": 0.6292517006802721,
                        "R_micro": 0.7997118155619597,
                        "F1_micro": 0.7043147208121827,
                        "P_macro_doc": 0.5742312137483184,
                        "R_macro_doc": 0.7587102733262865,
                        "F1_macro_doc": 0.8050462954860407,
                        "P_macro_doc_std": 0.4234655957001577,
                        "R_macro_doc_std": 0.2314792015230821,
                        "F1_macro_doc_std": 0.14777141982140532
                    },
                    "strict": {
                        "correct": 228,
                        "incorrect": 70,
                        "partial": 0,
                        "missed": 49,
                        "spurious": 143,
                        "possible": 347,
                        "actual": 441,
                        "TP": 228,
                        "FP": 213,
                        "FN": 119,
                        "P_micro": 0.5170068027210885,
                        "R_micro": 0.6570605187319885,
                        "F1_micro": 0.5786802030456852,
                        "P_macro_doc": 0.4597079547486305,
                        "R_macro_doc": 0.6295178586845254,
                        "F1_macro_doc": 0.6630019131239435,
                        "P_macro_doc_std": 0.39118650924993975,
                        "R_macro_doc_std": 0.28934588201716516,
                        "F1_macro_doc_std": 0.2581777035362312
                    },
                    "ent_type": {
                        "correct": 262,
                        "incorrect": 36,
                        "partial": 0,
                        "missed": 49,
                        "spurious": 143,
                        "possible": 347,
                        "actual": 441,
                        "TP": 262,
                        "FP": 179,
                        "FN": 85,
                        "P_micro": 0.5941043083900227,
                        "R_micro": 0.7550432276657061,
                        "F1_micro": 0.6649746192893401,
                        "P_macro_doc": 0.5291709825272612,
                        "R_macro_doc": 0.732139402596919,
                        "F1_macro_doc": 0.7669542551480324,
                        "P_macro_doc_std": 0.4245732299043642,
                        "R_macro_doc_std": 0.2916614946900048,
                        "F1_macro_doc_std": 0.24070435910320304
                    },
                    "exact": {
                        "correct": 257,
                        "incorrect": 41,
                        "partial": 0,
                        "missed": 49,
                        "spurious": 143,
                        "possible": 347,
                        "actual": 441,
                        "TP": 257,
                        "FP": 184,
                        "FN": 90,
                        "P_micro": 0.5827664399092971,
                        "R_micro": 0.7406340057636888,
                        "F1_micro": 0.6522842639593908,
                        "P_macro_doc": 0.533933121375758,
                        "R_macro_doc": 0.6997227953600502,
                        "F1_macro_doc": 0.7449572161367436,
                        "P_macro_doc_std": 0.4081753200821822,
                        "R_macro_doc_std": 0.2412837625591667,
                        "F1_macro_doc_std": 0.18004518983535647
                    }
                },