{
    "NE-COARSE-LIT": {
        "TIME-ALL": {
            "LED-ALL": {
                "LOC": {
                    "partial": {
                        "correct": 810,
                        "incorrect": 0,
                        "partial": 54,
                        "missed": 82,
                        "spurious": 167,
                        "possible": 946,
                        "actual": 1031,
                        "TP": 810,
                        "FP": 221,
                        "FN": 136,
                        "P_micro": 0.8118331716779825,
                        "R_micro": 0.8847780126849895,
                        "F1_micro": 0.8467374810318665,
                        "P_macro_doc": 0.8121332147550753,
                        "R_macro_doc": 0.8951998331464001,
                        "F1_macro_doc": 0.8399323164120097,
                        "P_macro_doc_std": 0.20357627616323426,
                        "R_macro_doc_std": 0.11436704402334229,
                        "F1_macro_doc_std": 0.148719229724122
                    },
                    "strict": {
                        "correct": 797,
                        "incorrect": 67,
                        "partial": 0,
                        "missed": 82,
                        "spurious": 167,
                        "possible": 946,
                        "actual": 1031,
                        "TP": 797,
                        "FP": 234,
                        "FN": 149,
                        "P_micro": 0.7730358874878759,
                        "R_micro": 0.8424947145877378,
                        "F1_micro": 0.806272129489125,
                        "P_macro_doc": 0.7842227429091697,
                        "R_macro_doc": 0.8622638431495123,
                        "F1_macro_doc": 0.8100233084527162,
                        "P_macro_doc_std": 0.21799232679429903,
                        "R_macro_doc_std": 0.14522037364719315,
                        "F1_macro_doc_std": 0.17093935547374542
                    },
                    "ent_type": {
                        "correct": 844,
                        "incorrect": 20,
                        "partial": 0,
                        "missed": 82,
                        "spurious": 167,
                        "possible": 946,
                        "actual": 1031,
                        "TP": 844,
                        "FP": 187,
                        "FN": 102,
                        "P_micro": 0.8186226964112512,
                        "R_micro": 0.8921775898520085,
                        "F1_micro": 0.8538189175518462,
                        "P_macro_doc": 0.824745354651106,
                        "R_macro_doc": 0.9095331421985015,
                        "F1_macro_doc": 0.8534476167473991,
                        "P_macro_doc_std": 0.20188279156971084,
                        "R_macro_doc_std": 0.111729983419493,
                        "F1_macro_doc_std": 0.14726391872583033
                    },
                    "exact": {
                        "correct": 810,
                        "incorrect": 54,
                        "partial": 0,
                        "missed": 82,
                        "spurious": 167,
                        "possible": 946,
                        "actual": 1031,
                        "TP": 810,
                        "FP": 221,
                        "FN": 136,
                        "P_micro": 0.7856450048496605,
                        "R_micro": 0.8562367864693446,
                        "F1_micro": 0.819423368740516,
                        "P_macro_doc": 0.7893481162741075,
                        "R_macro_doc": 0.8688707391774609,
                        "F1_macro_doc": 0.8156189836714658,
                        "P_macro_doc_std": 0.21671790751346154,
                        "R_macro_doc_std": 0.14424569072507362,
                        "F1_macro_doc_std": 0.16874632202152456
                    }
                },
                "STREET": {
                    "partial": {
                        "correct": 38,
                        "incorrect": 0,
                        "partial": 11,
                        "missed": 7,
                        "spurious": 3,
                        "possible": 56,
                        "actual": 52,
                        "TP": 38,
                        "FP": 14,
                        "FN": 18,
                        "P_micro": 0.8365384615384616,
                        "R_micro": 0.7767857142857143,
                        "F1_micro": 0.8055555555555556,
                        "P_macro_doc": 0.8270833333333334,
                        "R_macro_doc": 0.7710784313725491,
                        "F1_macro_doc": 0.8430107526881722,
                        "P_macro_doc_std": 0.2508579030048685,
                        "R_macro_doc_std": 0.3209032601038074,
                        "F1_macro_doc_std": 0.21046859280713318
                    },
                    "strict": {
                        "correct": 25,
                        "incorrect": 24,
                        "partial": 0,
                        "missed": 7,
                        "spurious": 3,
                        "possible": 56,
                        "actual": 52,
                        "TP": 25,
                        "FP": 27,
                        "FN": 31,
                        "P_micro": 0.4807692307692308,
                        "R_micro": 0.44642857142857145,
                        "F1_micro": 0.46296296296296297,
                        "P_macro_doc": 0.4614583333333333,
                        "R_macro_doc": 0.43431372549019603,
                        "F1_macro_doc": 0.47096774193548385,
                        "P_macro_doc_std": 0.4589472687424026,
                        "R_macro_doc_std": 0.45829217598577965,
                        "F1_macro_doc_std": 0.4514208501007168
                    },
                    "ent_type": {
                        "correct": 28,
                        "incorrect": 21,
                        "partial": 0,
                        "missed": 7,
                        "spurious": 3,
                        "possible": 56,
                        "actual": 52,
                        "TP": 28,
                        "FP": 24,
                        "FN": 28,
                        "P_micro": 0.5384615384615384,
                        "R_micro": 0.5,
                        "F1_micro": 0.5185185185185186,
                        "P_macro_doc": 0.5343749999999999,
                        "R_macro_doc": 0.488235294117647,
                        "F1_macro_doc": 0.535483870967742,
                        "P_macro_doc_std": 0.4516547027167005,
                        "R_macro_doc_std": 0.4475702269313398,
                        "F1_macro_doc_std": 0.43477308248372404
                    },
                    "exact": {
                        "correct": 38,
                        "incorrect": 11,
                        "partial": 0,
                        "missed": 7,
                        "spurious": 3,
                        "possible": 56,
                        "actual": 52,
                        "TP": 38,
                        "FP": 14,
                        "FN": 18,
                        "P_micro": 0.7307692307692307,
                        "R_micro": 0.6785714285714286,
                        "F1_micro": 0.7037037037037038,
                        "P_macro_doc": 0.7072916666666667,
                        "R_macro_doc": 0.6656862745098039,
                        "F1_macro_doc": 0.7247311827956989,
                        "P_macro_doc_std": 0.4058371299445957,
                        "R_macro_doc_std": 0.4274476074700529,
                        "F1_macro_doc_std": 0.3866933381546067
                    }
                },
                "BUILDING": {
                    "partial": {
                        "correct": 105,