{
    "NE-COARSE-LIT": {
        "TIME-ALL": {
            "LED-ALL": {
                "PER": {
                    "partial": {
                        "correct": 83,
                        "incorrect": 0,
                        "partial": 77,
                        "missed": 35,
                        "spurious": 66,
                        "possible": 195,
                        "actual": 226,
                        "TP": 83,
                        "FP": 143,
                        "FN": 112,
                        "P_micro": 0.5376106194690266,
                        "R_micro": 0.6230769230769231,
                        "F1_micro": 0.5771971496437054,
                        "P_macro_doc": 0.6008428982593808,
                        "R_macro_doc": 0.6489158435687306,
                        "F1_macro_doc": 0.6107581853496117,
                        "P_macro_doc_std": 0.14380871683512572,
                        "R_macro_doc_std": 0.2243663542903411,
                        "F1_macro_doc_std": 0.16940575982126588
                    },
                    "strict": {
                        "correct": 81,
                        "incorrect": 79,
                        "partial": 0,
                        "missed": 35,
                        "spurious": 66,
                        "possible": 195,
                        "actual": 226,
                        "TP": 81,
                        "FP": 145,
                        "FN": 114,
                        "P_micro": 0.3584070796460177,
                        "R_micro": 0.4153846153846154,
                        "F1_micro": 0.3847980997624703,
                        "P_macro_doc": 0.37015175752393853,
                        "R_macro_doc": 0.4294952354446083,
                        "F1_macro_doc": 0.3908652753554252,
                        "P_macro_doc_std": 0.28231671248952933,
                        "R_macro_doc_std": 0.36270128216836567,
                        "F1_macro_doc_std": 0.3151971638981603
                    },
                    "ent_type": {
                        "correct": 143,
                        "incorrect": 17,
                        "partial": 0,
                        "missed": 35,
                        "spurious": 66,
                        "possible": 195,
                        "actual": 226,
                        "TP": 143,
                        "FP": 83,
                        "FN": 52,
                        "P_micro": 0.6327433628318584,
                        "R_micro": 0.7333333333333333,
                        "F1_micro": 0.679334916864608,
                        "P_macro_doc": 0.6485638832744569,
                        "R_macro_doc": 0.7080586739150749,
                        "F1_macro_doc": 0.6620791382590773,
                        "P_macro_doc_std": 0.281033492604335,
                        "R_macro_doc_std": 0.31085997077685135,
                        "F1_macro_doc_std": 0.27701095079414134
                    },
                    "exact": {
                        "correct": 83,
                        "incorrect": 77,
                        "partial": 0,
                        "missed": 35,
                        "spurious": 66,
                        "possible": 195,
                        "actual": 226,
                        "TP": 83,
                        "FP": 143,
                        "FN": 112,
                        "P_micro": 0.3672566371681416,
                        "R_micro": 0.4256410256410256,
                        "F1_micro": 0.39429928741092635,
                        "P_macro_doc": 0.4069333667193408,
                        "R_macro_doc": 0.45866190211127494,
                        "F1_macro_doc": 0.42321028883251416,
                        "P_macro_doc_std": 0.2539500169925294,
                        "R_macro_doc_std": 0.3394057277344834,
                        "F1_macro_doc_std": 0.2896322176799083
                    }
                },
                "LOC": {
                    "partial": {
                        "correct": 131,
                        "incorrect": 0,
                        "partial": 15,
                        "missed": 24,
                        "spurious": 55,
                        "possible": 170,
                        "actual": 201,
                        "TP": 131,
                        "FP": 70,
                        "FN": 39,
                        "P_micro": 0.6890547263681592,
                        "R_micro": 0.8147058823529412,
                        "F1_micro": 0.7466307277628033,
                        "P_macro_doc": 0.7061401369687659,
                        "R_macro_doc": 0.7705847608463887,
                        "F1_macro_doc": 0.6981177096724029,
                        "P_macro_doc_std": 0.2210351197424623,
                        "R_macro_doc_std": 0.19271330043348256,
                        "F1_macro_doc_std": 0.19270198706675595
                    },
                    "strict": {
                        "correct": 127,
                        "incorrect": 19,
                        "partial": 0,
                        "missed": 24,
                        "spurious": 55,
                        "possible": 170,
                        "actual": 201,
                        "TP": 127,
                        "FP": 74,
                        "FN": 43,
                        "P_micro": 0.6318407960199005,
                        "R_micro": 0.7470588235294118,
                        "F1_micro": 0.6846361185983827,
                        "P_macro_doc": 0.6626260240655402,
                        "R_macro_doc": 0.7131855224878481,
                        "F1_macro_doc": 0.6487982127734735,
                        "P_macro_doc_std": 0.24106679193559807,
                        "R_macro_doc_std": 0.19089182679893238,
                        "F1_macro_doc_std": 0.19934531063137215
                    },
                    "ent_type": {
                        "correct": 142,
                        "incorrect": 4,
                        "partial": 0,
                        "missed": 24,
                        "spurious": 55,
                        "possible": 170,
                        "actual": 201,
                        "TP": 142,
                        "FP": 59,
                        "FN": 28,
                        "P_micro": 0.7064676616915423,
                        "R_micro": 0.8352941176470589,
                        "F1_micro": 0.7654986522911051,
                        "P_macro_doc": 0.7175709165386583,
                        "R_macro_doc": 0.7853266565475868,
                        "F1_macro_doc": 0.7109292700633957,
                        "P_macro_doc_std": 0.2251850072641799,
                        "R_macro_doc_std": 0.2102646030388462,
                        "F1_macro_doc_std": 0.2042044257252339
                    },
                    "exact": {
                        "correct": 131,
                        "incorrect": 15,
                        "partial": 0,
                        "missed": 24,
                        "spurious": 55,
                        "possible": 170,
                        "actual": 201,
                        "TP": 131,
                        "FP": 70,
                        "FN": 39,
                        "P_micro": 0.6517412935323383,
                        "R_micro": 0.7705882352941177,
                        "F1_micro": 0.7061994609164421,
                        "P_macro_doc": 0.6786676907322068,
                        "R_macro_doc": 0.7345141938165194,
                        "F1_macro_doc": 0.6670521810274418,
                        "P_macro_doc_std": 0.2313809622542115,
                        "R_macro_doc_std": 0.18649393627899305,
                        "F1_macro_doc_std": 0.19325396628510874
                    }
                },