{
    "NE-COARSE-LIT": {
        "TIME-ALL": {
            "LED-ALL": {
                "LOC": {
                    "partial": {
                        "correct": 464,
                        "incorrect": 0,
                        "partial": 32,
                        "missed": 95,
                        "spurious": 213,
                        "possible": 591,
                        "actual": 709,
                        "TP": 464,
                        "FP": 245,
                        "FN": 127,
                        "P_micro": 0.6770098730606487,
                        "R_micro": 0.8121827411167513,
                        "F1_micro": 0.7384615384615384,
                        "P_macro_doc": 0.604161765572715,
                        "R_macro_doc": 0.7577516402327514,
                        "F1_macro_doc": 0.8301289423676862,
                        "P_macro_doc_std": 0.4259765674829488,
                        "R_macro_doc_std": 0.2905152666429199,
                        "F1_macro_doc_std": 0.19081450119076368
                    },
                    "strict": {
                        "correct": 450,
                        "incorrect": 46,
                        "partial": 0,
                        "missed": 95,
                        "spurious": 213,
                        "possible": 591,
                        "actual": 709,
                        "TP": 450,
                        "FP": 259,
                        "FN": 141,
                        "P_micro": 0.6346967559943583,
                        "R_micro": 0.7614213197969543,
                        "F1_micro": 0.6923076923076923,
                        "P_macro_doc": 0.5419095595680118,
                        "R_macro_doc": 0.691839549776747,
                        "F1_macro_doc": 0.754255911382418,
                        "P_macro_doc_std": 0.41427103220195016,
                        "R_macro_doc_std": 0.3068002996887718,
                        "F1_macro_doc_std": 0.24800789930582876
                    },
                    "ent_type": {
                        "correct": 477,
                        "incorrect": 19,
                        "partial": 0,
                        "missed": 95,
                        "spurious": 213,
                        "possible": 591,
                        "actual": 709,
                        "TP": 477,
                        "FP": 232,
                        "FN": 114,
                        "P_micro": 0.6727785613540197,
                        "R_micro": 0.8071065989847716,
                        "F1_micro": 0.7338461538461538,
                        "P_macro_doc": 0.6045340626239267,
                        "R_macro_doc": 0.7520422286176336,
                        "F1_macro_doc": 0.8267692894683278,
                        "P_macro_doc_std": 0.4267609003093971,
                        "R_macro_doc_std": 0.28079273490476564,
                        "F1_macro_doc_std": 0.18155822371102287
                    },
                    "exact": {
                        "correct": 464,
                        "incorrect": 32,
                        "partial": 0,
                        "missed": 95,
                        "spurious": 213,
                        "possible": 591,
                        "actual": 709,
                        "TP": 464,
                        "FP": 245,
                        "FN": 127,
                        "P_micro": 0.6544428772919605,
                        "R_micro": 0.7851099830795262,
                        "F1_micro": 0.7138461538461538,
                        "P_macro_doc": 0.5700321207426885,
                        "R_macro_doc": 0.7246129378484746,
                        "F1_macro_doc": 0.7903044665130251,
                        "P_macro_doc_std": 0.42480372847891357,
                        "R_macro_doc_std": 0.3085532409574227,
                        "F1_macro_doc_std": 0.23699112689269855
                    }
                },
                "PERS": {
                    "partial": {
                        "correct": 268,
                        "incorrect": 0,
                        "partial": 36,
                        "missed": 43,
                        "spurious": 169,
                        "possible": 347,
                        "actual": 473,
                        "TP": 268,
                        "FP": 205,
                        "FN": 79,
                        "P_micro": 0.6046511627906976,
                        "R_micro": 0.8242074927953891,
                        "F1_micro": 0.6975609756097562,
                        "P_macro_doc": 0.5556925200576562,
                        "R_macro_doc": 0.8108548894823405,
                        "F1_macro_doc": 0.8152893675743903,
                        "P_macro_doc_std": 0.4183659188026732,
                        "R_macro_doc_std": 0.14140510996874975,
                        "F1_macro_doc_std": 0.12305455274077372
                    },
                    "strict": {
                        "correct": 255,
                        "incorrect": 49,
                        "partial": 0,
                        "missed": 43,
                        "spurious": 169,
                        "possible": 347,
                        "actual": 473,
                        "TP": 255,
                        "FP": 218,
                        "FN": 92,
                        "P_micro": 0.5391120507399577,
                        "R_micro": 0.7348703170028819,
                        "F1_micro": 0.6219512195121952,
                        "P_macro_doc": 0.48382533893652974,
                        "R_macro_doc": 0.710900984757194,
                        "F1_macro_doc": 0.7135351598051396,
                        "P_macro_doc_std": 0.38439075939625683,
                        "R_macro_doc_std": 0.1997120498893237,
                        "F1_macro_doc_std": 0.19144621518832447
                    },
                    "ent_type": {
                        "correct": 288,
                        "incorrect": 16,
                        "partial": 0,
                        "missed": 43,
                        "spurious": 169,
                        "possible": 347,
                        "actual": 473,
                        "TP": 288,
                        "FP": 185,
                        "FN": 59,
                        "P_micro": 0.6088794926004228,
                        "R_micro": 0.829971181556196,
                        "F1_micro": 0.7024390243902437,
                        "P_macro_doc": 0.5708457909856762,
                        "R_macro_doc": 0.8464074838257845,
                        "F1_macro_doc": 0.8452046412188666,
                        "P_macro_doc_std": 0.42805315967079466,
                        "R_macro_doc_std": 0.17520813981270994,
                        "F1_macro_doc_std": 0.14390269509391834
                    },
                    "exact": {
                        "correct": 268,
                        "incorrect": 36,
                        "partial": 0,
                        "missed": 43,
                        "spurious": 169,
                        "possible": 347,
                        "actual": 473,
                        "TP": 268,
                        "FP": 205,
                        "FN": 79,
                        "P_micro": 0.5665961945031712,
                        "R_micro": 0.7723342939481268,
                        "F1_micro": 0.6536585365853659,
                        "P_macro_doc": 0.5097449000067364,
                        "R_macro_doc": 0.7391398700549027,
                        "F1_macro_doc": 0.7456356757766233,
                        "P_macro_doc_std": 0.40160148572500154,
                        "R_macro_doc_std": 0.1783884888235568,
                        "F1_macro_doc_std": 0.1741561072266327
                    }
                },