{
    "NE-COARSE-LIT": {
        "TIME-ALL": {
            "LED-ALL": {
                "LOC": {
                    "partial": {
                        "correct": 828,
                        "incorrect": 0,
                        "partial": 43,
                        "missed": 75,
                        "spurious": 134,
                        "possible": 946,
                        "actual": 1005,
                        "TP": 828,
                        "FP": 177,
                        "FN": 118,
                        "P_micro": 0.8452736318407961,
                        "R_micro": 0.8979915433403806,
                        "F1_micro": 0.8708354689902613,
                        "P_macro_doc": 0.8518238842064226,
                        "R_macro_doc": 0.8997267616868719,
                        "F1_macro_doc": 0.8683654304233104,
                        "P_macro_doc_std": 0.19414821053922296,
                        "R_macro_doc_std": 0.1415024265295059,
                        "F1_macro_doc_std": 0.14060731506546248
                    },
                    "strict": {
                        "correct": 813,
                        "incorrect": 58,
                        "partial": 0,
                        "missed": 75,
                        "spurious": 134,
                        "possible": 946,
                        "actual": 1005,
                        "TP": 813,
                        "FP": 192,
                        "FN": 133,
                        "P_micro": 0.808955223880597,
                        "R_micro": 0.8594080338266384,
                        "F1_micro": 0.8334187596104562,
                        "P_macro_doc": 0.8239088542502611,
                        "R_macro_doc": 0.8708716664662406,
                        "F1_macro_doc": 0.840576530697638,
                        "P_macro_doc_std": 0.20735792158906577,
                        "R_macro_doc_std": 0.16208428579171574,
                        "F1_macro_doc_std": 0.16356467110924833
                    },
                    "ent_type": {
                        "correct": 851,
                        "incorrect": 20,
                        "partial": 0,
                        "missed": 75,
                        "spurious": 134,
                        "possible": 946,
                        "actual": 1005,
                        "TP": 851,
                        "FP": 154,
                        "FN": 95,
                        "P_micro": 0.8467661691542289,
                        "R_micro": 0.8995771670190275,
                        "F1_micro": 0.8723731419784726,
                        "P_macro_doc": 0.8551922797794754,
                        "R_macro_doc": 0.9047306208933064,
                        "F1_macro_doc": 0.873181872006356,
                        "P_macro_doc_std": 0.19737204338348655,
                        "R_macro_doc_std": 0.1498758702730677,
                        "F1_macro_doc_std": 0.15027410962049004
                    },
                    "exact": {
                        "correct": 828,
                        "incorrect": 43,
                        "partial": 0,
                        "missed": 75,
                        "spurious": 134,
                        "possible": 946,
                        "actual": 1005,
                        "TP": 828,
                        "FP": 177,
                        "FN": 118,
                        "P_micro": 0.8238805970149253,
                        "R_micro": 0.8752642706131079,
                        "F1_micro": 0.848795489492568,
                        "P_macro_doc": 0.8341716280925804,
                        "R_macro_doc": 0.8807949077650798,
                        "F1_macro_doc": 0.8500473236250748,
                        "P_macro_doc_std": 0.20487323283003067,
                        "R_macro_doc_std": 0.1568735041782379,
                        "F1_macro_doc_std": 0.15587054430184014
                    }
                },
                "STREET": {
                    "partial": {
                        "correct": 45,
                        "incorrect": 0,
                        "partial": 7,
                        "missed": 4,
                        "spurious": 10,
                        "possible": 56,
                        "actual": 62,
                        "TP": 45,
                        "FP": 17,
                        "FN": 11,
                        "P_micro": 0.782258064516129,
                        "R_micro": 0.8660714285714286,
                        "F1_micro": 0.8220338983050847,
                        "P_macro_doc": 0.8434343434343435,
                        "R_macro_doc": 0.842156862745098,
                        "F1_macro_doc": 0.8689236111111112,
                        "P_macro_doc_std": 0.2919425648606775,
                        "R_macro_doc_std": 0.2763036625818969,
                        "F1_macro_doc_std": 0.2315068200830908
                    },
                    "strict": {
                        "correct": 35,
                        "incorrect": 17,
                        "partial": 0,
                        "missed": 4,
                        "spurious": 10,
                        "possible": 56,
                        "actual": 62,
                        "TP": 35,
                        "FP": 27,
                        "FN": 21,
                        "P_micro": 0.5645161290322581,
                        "R_micro": 0.625,
                        "F1_micro": 0.5932203389830509,
                        "P_macro_doc": 0.6287878787878788,
                        "R_macro_doc": 0.596078431372549,
                        "F1_macro_doc": 0.6375,
                        "P_macro_doc_std": 0.42890654031438674,
                        "R_macro_doc_std": 0.42785104501956844,
                        "F1_macro_doc_std": 0.4141381613262254
                    },
                    "ent_type": {
                        "correct": 39,
                        "incorrect": 13,
                        "partial": 0,
                        "missed": 4,
                        "spurious": 10,
                        "possible": 56,
                        "actual": 62,
                        "TP": 39,
                        "FP": 23,
                        "FN": 17,
                        "P_micro": 0.6290322580645161,
                        "R_micro": 0.6964285714285714,
                        "F1_micro": 0.6610169491525423,
                        "P_macro_doc": 0.6843434343434343,
                        "R_macro_doc": 0.6990196078431372,
                        "F1_macro_doc": 0.70625,
                        "P_macro_doc_std": 0.3939555811230114,
                        "R_macro_doc_std": 0.40003964624744487,
                        "F1_macro_doc_std": 0.36793695678290683
                    },
                    "exact": {
                        "correct": 45,
                        "incorrect": 7,
                        "partial": 0,
                        "missed": 4,
                        "spurious": 10,
                        "possible": 56,
                        "actual": 62,
                        "TP": 45,
                        "FP": 17,
                        "FN": 11,
                        "P_micro": 0.7258064516129032,
                        "R_micro": 0.8035714285714286,
                        "F1_micro": 0.7627118644067797,
                        "P_macro_doc": 0.7878787878787878,
                        "R_macro_doc": 0.7637254901960785,
                        "F1_macro_doc": 0.8059027777777777,
                        "P_macro_doc_std": 0.37216431165536445,
                        "R_macro_doc_std": 0.38359902531949547,
                        "F1_macro_doc_std": 0.3423320573090106
                    }
                },
                "BUILDING": {
                    "partial": {
                        "correct": 120,