{
    "NE-COARSE-LIT": {
        "TIME-ALL": {
            "LED-ALL": {
                "PER": {
                    "partial": {
                        "correct": 93,
                        "incorrect": 0,
                        "partial": 56,
                        "missed": 34,
                        "spurious": 62,
                        "possible": 183,
                        "actual": 211,
                        "TP": 93,
                        "FP": 118,
                        "FN": 90,
                        "P_micro": 0.5734597156398105,
                        "R_micro": 0.6612021857923497,
                        "F1_micro": 0.6142131979695432,
                        "P_macro_doc": 0.768002672387835,
                        "R_macro_doc": 0.7738529109429025,
                        "F1_macro_doc": 0.7644759524076842,
                        "P_macro_doc_std": 0.20742162512865,
                        "R_macro_doc_std": 0.19403872355927526,
                        "F1_macro_doc_std": 0.19742607773436152
                    },
                    "strict": {
                        "correct": 90,
                        "incorrect": 59,
                        "partial": 0,
                        "missed": 34,
                        "spurious": 62,
                        "possible": 183,
                        "actual": 211,
                        "TP": 90,
                        "FP": 121,
                        "FN": 93,
                        "P_micro": 0.4265402843601896,
                        "R_micro": 0.4918032786885246,
                        "F1_micro": 0.45685279187817257,
                        "P_macro_doc": 0.6749262270400482,
                        "R_macro_doc": 0.671392832948996,
                        "F1_macro_doc": 0.6683904669230772,
                        "P_macro_doc_std": 0.26565711944498,
                        "R_macro_doc_std": 0.26106151195641664,
                        "F1_macro_doc_std": 0.2620102507730495
                    },
                    "ent_type": {
                        "correct": 139,
                        "incorrect": 10,
                        "partial": 0,
                        "missed": 34,
                        "spurious": 62,
                        "possible": 183,
                        "actual": 211,
                        "TP": 139,
                        "FP": 72,
                        "FN": 44,
                        "P_micro": 0.6587677725118484,
                        "R_micro": 0.7595628415300546,
                        "F1_micro": 0.7055837563451777,
                        "P_macro_doc": 0.7909797500752787,
                        "R_macro_doc": 0.8017781190089853,
                        "F1_macro_doc": 0.7884856837596976,
                        "P_macro_doc_std": 0.16609320121935955,
                        "R_macro_doc_std": 0.14991765772787144,
                        "F1_macro_doc_std": 0.14580831865185404
                    },
                    "exact": {
                        "correct": 93,
                        "incorrect": 56,
                        "partial": 0,
                        "missed": 34,
                        "spurious": 62,
                        "possible": 183,
                        "actual": 211,
                        "TP": 93,
                        "FP": 118,
                        "FN": 90,
                        "P_micro": 0.44075829383886256,
                        "R_micro": 0.5081967213114754,
                        "F1_micro": 0.4720812182741117,
                        "P_macro_doc": 0.6944263775971093,
                        "R_macro_doc": 0.6914990441121176,
                        "F1_macro_doc": 0.6881743054234009,
                        "P_macro_doc_std": 0.272345332973585,
                        "R_macro_doc_std": 0.26916486675740403,
                        "F1_macro_doc_std": 0.2697118697674115
                    }
                },
                "LOC": {
                    "partial": {
                        "correct": 135,
                        "incorrect": 0,
                        "partial": 18,
                        "missed": 24,
                        "spurious": 36,
                        "possible": 177,
                        "actual": 189,
                        "TP": 135,
                        "FP": 54,
                        "FN": 42,
                        "P_micro": 0.7619047619047619,
                        "R_micro": 0.8135593220338984,
                        "F1_micro": 0.7868852459016393,
                        "P_macro_doc": 0.783046218487395,
                        "R_macro_doc": 0.7847246168582375,
                        "F1_macro_doc": 0.7728827130360072,
                        "P_macro_doc_std": 0.19452299083115726,
                        "R_macro_doc_std": 0.07293753157775351,
                        "F1_macro_doc_std": 0.13108438858919416
                    },
                    "strict": {
                        "correct": 131,
                        "incorrect": 22,
                        "partial": 0,
                        "missed": 24,
                        "spurious": 36,
                        "possible": 177,
                        "actual": 189,
                        "TP": 131,
                        "FP": 58,
                        "FN": 46,
                        "P_micro": 0.6931216931216931,
                        "R_micro": 0.7401129943502824,
                        "F1_micro": 0.7158469945355191,
                        "P_macro_doc": 0.7232072829131653,
                        "R_macro_doc": 0.7212140302226508,
                        "F1_macro_doc": 0.7114805326297946,
                        "P_macro_doc_std": 0.21342027916937534,
                        "R_macro_doc_std": 0.09699658361441431,
                        "F1_macro_doc_std": 0.1495761040435312
                    },
                    "ent_type": {
                        "correct": 148,
                        "incorrect": 5,
                        "partial": 0,
                        "missed": 24,
                        "spurious": 36,
                        "possible": 177,
                        "actual": 189,
                        "TP": 148,
                        "FP": 41,
                        "FN": 29,
                        "P_micro": 0.783068783068783,
                        "R_micro": 0.8361581920903954,
                        "F1_micro": 0.808743169398907,
                        "P_macro_doc": 0.8014565826330532,
                        "R_macro_doc": 0.8036110776196983,
                        "F1_macro_doc": 0.7915226473251351,
                        "P_macro_doc_std": 0.207681983927517,
                        "R_macro_doc_std": 0.10778242348909027,
                        "F1_macro_doc_std": 0.15271070318752927
                    },
                    "exact": {
                        "correct": 135,
                        "incorrect": 18,
                        "partial": 0,
                        "missed": 24,
                        "spurious": 36,
                        "possible": 177,
                        "actual": 189,
                        "TP": 135,
                        "FP": 54,
                        "FN": 42,
                        "P_micro": 0.7142857142857143,
                        "R_micro": 0.7627118644067796,
                        "F1_micro": 0.7377049180327869,
                        "P_macro_doc": 0.7405882352941177,
                        "R_macro_doc": 0.7404010931597138,
                        "F1_macro_doc": 0.7296358492367241,
                        "P_macro_doc_std": 0.2003937191253985,
                        "R_macro_doc_std": 0.07439001006554127,
                        "F1_macro_doc_std": 0.13371093012313962
                    }
                },