{
    "NE-COARSE-LIT": {
        "TIME-ALL": {
            "LED-ALL": {
                "PER": {
                    "partial": {
                        "correct": 93,
                        "incorrect": 0,
                        "partial": 63,
                        "missed": 27,
                        "spurious": 65,
                        "possible": 183,
                        "actual": 221,
                        "TP": 93,
                        "FP": 128,
                        "FN": 90,
                        "P_micro": 0.5633484162895928,
                        "R_micro": 0.680327868852459,
                        "F1_micro": 0.6163366336633663,
                        "P_macro_doc": 0.7089655297539585,
                        "R_macro_doc": 0.7704433225032936,
                        "F1_macro_doc": 0.7268298558739735,
                        "P_macro_doc_std": 0.19776064769380677,
                        "R_macro_doc_std": 0.16504292451327726,
                        "F1_macro_doc_std": 0.1623671516254795
                    },
                    "strict": {
                        "correct": 92,
                        "incorrect": 64,
                        "partial": 0,
                        "missed": 27,
                        "spurious": 65,
                        "possible": 183,
                        "actual": 221,
                        "TP": 92,
                        "FP": 129,
                        "FN": 91,
                        "P_micro": 0.416289592760181,
                        "R_micro": 0.5027322404371585,
                        "F1_micro": 0.45544554455445546,
                        "P_macro_doc": 0.6303684005328929,
                        "R_macro_doc": 0.6729044801187593,
                        "F1_macro_doc": 0.6407208396178985,
                        "P_macro_doc_std": 0.26430519550392484,
                        "R_macro_doc_std": 0.250618910361598,
                        "F1_macro_doc_std": 0.24334534905529495
                    },
                    "ent_type": {
                        "correct": 145,
                        "incorrect": 11,
                        "partial": 0,
                        "missed": 27,
                        "spurious": 65,
                        "possible": 183,
                        "actual": 221,
                        "TP": 145,
                        "FP": 76,
                        "FN": 38,
                        "P_micro": 0.6561085972850679,
                        "R_micro": 0.7923497267759563,
                        "F1_micro": 0.7178217821782178,
                        "P_macro_doc": 0.7556230538646874,
                        "R_macro_doc": 0.825333455572452,
                        "F1_macro_doc": 0.7764682838947545,
                        "P_macro_doc_std": 0.17971381303007472,
                        "R_macro_doc_std": 0.14389240458379188,
                        "F1_macro_doc_std": 0.13760754290733448
                    },
                    "exact": {
                        "correct": 93,
                        "incorrect": 63,
                        "partial": 0,
                        "missed": 27,
                        "spurious": 65,
                        "possible": 183,
                        "actual": 221,
                        "TP": 93,
                        "FP": 128,
                        "FN": 90,
                        "P_micro": 0.42081447963800905,
                        "R_micro": 0.5081967213114754,
                        "F1_micro": 0.4603960396039604,
                        "P_macro_doc": 0.6343366545011468,
                        "R_macro_doc": 0.6779549851692642,
                        "F1_macro_doc": 0.6451652840623429,
                        "P_macro_doc_std": 0.26041266480962233,
                        "R_macro_doc_std": 0.24659329333538943,
                        "F1_macro_doc_std": 0.23923888229465926
                    }
                },
                "LOC": {
                    "partial": {
                        "correct": 133,
                        "incorrect": 0,
                        "partial": 19,
                        "missed": 25,
                        "spurious": 45,
                        "possible": 177,
                        "actual": 197,
                        "TP": 133,
                        "FP": 64,
                        "FN": 44,
                        "P_micro": 0.7233502538071066,
                        "R_micro": 0.8050847457627118,
                        "F1_micro": 0.7620320855614973,
                        "P_macro_doc": 0.7625043993403813,
                        "R_macro_doc": 0.7636931483267689,
                        "F1_macro_doc": 0.7344751263078331,
                        "P_macro_doc_std": 0.15790861034929934,
                        "R_macro_doc_std": 0.19304652087375757,
                        "F1_macro_doc_std": 0.15481559002261827
                    },
                    "strict": {
                        "correct": 129,
                        "incorrect": 23,
                        "partial": 0,
                        "missed": 25,
                        "spurious": 45,
                        "possible": 177,
                        "actual": 197,
                        "TP": 129,
                        "FP": 68,
                        "FN": 48,
                        "P_micro": 0.6548223350253807,
                        "R_micro": 0.7288135593220338,
                        "F1_micro": 0.6898395721925134,
                        "P_macro_doc": 0.709169208005783,
                        "R_macro_doc": 0.6975601840688048,
                        "F1_macro_doc": 0.67583343278832,
                        "P_macro_doc_std": 0.20118621312238685,
                        "R_macro_doc_std": 0.19607123738267332,
                        "F1_macro_doc_std": 0.1775838176308591
                    },
                    "ent_type": {
                        "correct": 147,
                        "incorrect": 5,
                        "partial": 0,
                        "missed": 25,
                        "spurious": 45,
                        "possible": 177,
                        "actual": 197,
                        "TP": 147,
                        "FP": 50,
                        "FN": 30,
                        "P_micro": 0.7461928934010152,
                        "R_micro": 0.8305084745762712,
                        "F1_micro": 0.786096256684492,
                        "P_macro_doc": 0.7783395906749797,
                        "R_macro_doc": 0.7838033853120059,
                        "F1_macro_doc": 0.752144597605124,
                        "P_macro_doc_std": 0.15493705569087657,
                        "R_macro_doc_std": 0.20989964940878597,
                        "F1_macro_doc_std": 0.16380530303096297
                    },
                    "exact": {
                        "correct": 133,
                        "incorrect": 19,
                        "partial": 0,
                        "missed": 25,
                        "spurious": 45,
                        "possible": 177,
                        "actual": 197,
                        "TP": 133,
                        "FP": 64,
                        "FN": 44,
                        "P_micro": 0.6751269035532995,
                        "R_micro": 0.751412429378531,
                        "F1_micro": 0.7112299465240641,
                        "P_macro_doc": 0.724794208005783,
                        "R_macro_doc": 0.7174465477051684,
                        "F1_macro_doc": 0.6931945438994311,
                        "P_macro_doc_std": 0.18435884227599653,
                        "R_macro_doc_std": 0.18894886431091135,
                        "F1_macro_doc_std": 0.16469425261816323
                    }
                },