{
    "NE-COARSE-LIT": {
        "TIME-ALL": {
            "LED-ALL": {
                "PER": {
                    "partial": {
                        "correct": 85,
                        "incorrect": 0,
                        "partial": 66,
                        "missed": 44,
                        "spurious": 64,
                        "possible": 195,
                        "actual": 215,
                        "TP": 85,
                        "FP": 130,
                        "FN": 110,
                        "P_micro": 0.5488372093023256,
                        "R_micro": 0.6051282051282051,
                        "F1_micro": 0.5756097560975609,
                        "P_macro_doc": 0.6484075333541798,
                        "R_macro_doc": 0.6278685860321872,
                        "F1_macro_doc": 0.6259245816342488,
                        "P_macro_doc_std": 0.18677248142820727,
                        "R_macro_doc_std": 0.24407427741480495,
                        "F1_macro_doc_std": 0.21313176891962105
                    },
                    "strict": {
                        "correct": 82,
                        "incorrect": 69,
                        "partial": 0,
                        "missed": 44,
                        "spurious": 64,
                        "possible": 195,
                        "actual": 215,
                        "TP": 82,
                        "FP": 133,
                        "FN": 113,
                        "P_micro": 0.3813953488372093,
                        "R_micro": 0.4205128205128205,
                        "F1_micro": 0.4,
                        "P_macro_doc": 0.4457968521992912,
                        "R_macro_doc": 0.45342954877574765,
                        "F1_macro_doc": 0.4448405869555465,
                        "P_macro_doc_std": 0.32685422991468455,
                        "R_macro_doc_std": 0.3544700557324094,
                        "F1_macro_doc_std": 0.3395327290877033
                    },
                    "ent_type": {
                        "correct": 138,
                        "incorrect": 13,
                        "partial": 0,
                        "missed": 44,
                        "spurious": 64,
                        "possible": 195,
                        "actual": 215,
                        "TP": 138,
                        "FP": 77,
                        "FN": 57,
                        "P_micro": 0.641860465116279,
                        "R_micro": 0.7076923076923077,
                        "F1_micro": 0.673170731707317,
                        "P_macro_doc": 0.6904074160933916,
                        "R_macro_doc": 0.6975911942402782,
                        "F1_macro_doc": 0.6841287727869194,
                        "P_macro_doc_std": 0.28451414761332605,
                        "R_macro_doc_std": 0.30584098739341353,
                        "F1_macro_doc_std": 0.2863169386706582
                    },
                    "exact": {
                        "correct": 85,
                        "incorrect": 66,
                        "partial": 0,
                        "missed": 44,
                        "spurious": 64,
                        "possible": 195,
                        "actual": 215,
                        "TP": 85,
                        "FP": 130,
                        "FN": 110,
                        "P_micro": 0.3953488372093023,
                        "R_micro": 0.4358974358974359,
                        "F1_micro": 0.41463414634146334,
                        "P_macro_doc": 0.46041536376902226,
                        "R_macro_doc": 0.4643830659196147,
                        "F1_macro_doc": 0.4569938970600762,
                        "P_macro_doc_std": 0.32648213855324276,
                        "R_macro_doc_std": 0.35161244578908685,
                        "F1_macro_doc_std": 0.3369824237276847
                    }
                },
                "LOC": {
                    "partial": {
                        "correct": 133,
                        "incorrect": 0,
                        "partial": 13,
                        "missed": 24,
                        "spurious": 48,
                        "possible": 170,
                        "actual": 194,
                        "TP": 133,
                        "FP": 61,
                        "FN": 37,
                        "P_micro": 0.7190721649484536,
                        "R_micro": 0.8205882352941176,
                        "F1_micro": 0.7664835164835165,
                        "P_macro_doc": 0.7499633108826658,
                        "R_macro_doc": 0.7853967899026039,
                        "F1_macro_doc": 0.7457530867970246,
                        "P_macro_doc_std": 0.2370917247959976,
                        "R_macro_doc_std": 0.08061787724055629,
                        "F1_macro_doc_std": 0.1816940618297173
                    },
                    "strict": {
                        "correct": 129,
                        "incorrect": 17,
                        "partial": 0,
                        "missed": 24,
                        "spurious": 48,
                        "possible": 170,
                        "actual": 194,
                        "TP": 129,
                        "FP": 65,
                        "FN": 41,
                        "P_micro": 0.6649484536082474,
                        "R_micro": 0.7588235294117647,
                        "F1_micro": 0.7087912087912088,
                        "P_macro_doc": 0.7009614793808343,
                        "R_macro_doc": 0.7317827198641151,
                        "F1_macro_doc": 0.6947029535372139,
                        "P_macro_doc_std": 0.24518367325122412,
                        "R_macro_doc_std": 0.09462098563854551,
                        "F1_macro_doc_std": 0.1857201233968044
                    },
                    "ent_type": {
                        "correct": 142,
                        "incorrect": 4,
                        "partial": 0,
                        "missed": 24,
                        "spurious": 48,
                        "possible": 170,
                        "actual": 194,
                        "TP": 142,
                        "FP": 52,
                        "FN": 28,
                        "P_micro": 0.7319587628865979,
                        "R_micro": 0.8352941176470589,
                        "F1_micro": 0.7802197802197801,
                        "P_macro_doc": 0.7621519555713104,
                        "R_macro_doc": 0.7977521186823513,
                        "F1_macro_doc": 0.7580111972648125,
                        "P_macro_doc_std": 0.25344637554981986,
                        "R_macro_doc_std": 0.11970670117040873,
                        "F1_macro_doc_std": 0.20344835148868176
                    },
                    "exact": {
                        "correct": 133,
                        "incorrect": 13,
                        "partial": 0,
                        "missed": 24,
                        "spurious": 48,
                        "possible": 170,
                        "actual": 194,
                        "TP": 133,
                        "FP": 61,
                        "FN": 37,
                        "P_micro": 0.6855670103092784,
                        "R_micro": 0.7823529411764706,
                        "F1_micro": 0.7307692307692307,
                        "P_macro_doc": 0.7193680727874276,
                        "R_macro_doc": 0.7524120904934858,
                        "F1_macro_doc": 0.7140989649332252,
                        "P_macro_doc_std": 0.2358769160253053,
                        "R_macro_doc_std": 0.0717081614502232,
                        "F1_macro_doc_std": 0.17603151752022145
                    }
                },