{
    "NE-COARSE-LIT": {
        "TIME-ALL": {
            "LED-ALL": {
                "LOC": {
                    "partial": {
                        "correct": 470,
                        "incorrect": 0,
                        "partial": 29,
                        "missed": 92,
                        "spurious": 200,
                        "possible": 591,
                        "actual": 699,
                        "TP": 470,
                        "FP": 229,
                        "FN": 121,
                        "P_micro": 0.6931330472103004,
                        "R_micro": 0.8197969543147208,
                        "F1_micro": 0.7511627906976743,
                        "P_macro_doc": 0.6130462800392371,
                        "R_macro_doc": 0.7528377844107267,
                        "F1_macro_doc": 0.8311213685889136,
                        "P_macro_doc_std": 0.42457403277954725,
                        "R_macro_doc_std": 0.27960534564601985,
                        "F1_macro_doc_std": 0.16749891866950464
                    },
                    "strict": {
                        "correct": 461,
                        "incorrect": 38,
                        "partial": 0,
                        "missed": 92,
                        "spurious": 200,
                        "possible": 591,
                        "actual": 699,
                        "TP": 461,
                        "FP": 238,
                        "FN": 130,
                        "P_micro": 0.6595135908440629,
                        "R_micro": 0.7800338409475466,
                        "F1_micro": 0.7147286821705426,
                        "P_macro_doc": 0.5667097870808504,
                        "R_macro_doc": 0.705088404974247,
                        "F1_macro_doc": 0.7755440428996282,
                        "P_macro_doc_std": 0.41741770666247535,
                        "R_macro_doc_std": 0.2968710770038354,
                        "F1_macro_doc_std": 0.2240429111434236
                    },
                    "ent_type": {
                        "correct": 489,
                        "incorrect": 10,
                        "partial": 0,
                        "missed": 92,
                        "spurious": 200,
                        "possible": 591,
                        "actual": 699,
                        "TP": 489,
                        "FP": 210,
                        "FN": 102,
                        "P_micro": 0.6995708154506438,
                        "R_micro": 0.8274111675126904,
                        "F1_micro": 0.758139534883721,
                        "P_macro_doc": 0.6253951163125987,
                        "R_macro_doc": 0.7659015521879106,
                        "F1_macro_doc": 0.847093048341175,
                        "P_macro_doc_std": 0.4307364407340201,
                        "R_macro_doc_std": 0.27715469616993005,
                        "F1_macro_doc_std": 0.16118454114334443
                    },
                    "exact": {
                        "correct": 470,
                        "incorrect": 29,
                        "partial": 0,
                        "missed": 92,
                        "spurious": 200,
                        "possible": 591,
                        "actual": 699,
                        "TP": 470,
                        "FP": 229,
                        "FN": 121,
                        "P_micro": 0.6723891273247496,
                        "R_micro": 0.7952622673434856,
                        "F1_micro": 0.7286821705426356,
                        "P_macro_doc": 0.5828489145686622,
                        "R_macro_doc": 0.7214842411069252,
                        "F1_macro_doc": 0.7942345188158598,
                        "P_macro_doc_std": 0.4262645805386641,
                        "R_macro_doc_std": 0.295224508427745,
                        "F1_macro_doc_std": 0.21404390193507117
                    }
                },
                "PERS": {
                    "partial": {
                        "correct": 266,
                        "incorrect": 0,
                        "partial": 33,
                        "missed": 48,
                        "spurious": 149,
                        "possible": 347,
                        "actual": 448,
                        "TP": 266,
                        "FP": 182,
                        "FN": 81,
                        "P_micro": 0.6305803571428571,
                        "R_micro": 0.8141210374639769,
                        "F1_micro": 0.7106918238993709,
                        "P_macro_doc": 0.600167941216568,
                        "R_macro_doc": 0.8010286626953295,
                        "F1_macro_doc": 0.8265488599298728,
                        "P_macro_doc_std": 0.4305088985967332,
                        "R_macro_doc_std": 0.17889004322664645,
                        "F1_macro_doc_std": 0.15139615682797292
                    },
                    "strict": {
                        "correct": 254,
                        "incorrect": 45,
                        "partial": 0,
                        "missed": 48,
                        "spurious": 149,
                        "possible": 347,
                        "actual": 448,
                        "TP": 254,
                        "FP": 194,
                        "FN": 93,
                        "P_micro": 0.5669642857142857,
                        "R_micro": 0.7319884726224783,
                        "F1_micro": 0.6389937106918239,
                        "P_macro_doc": 0.5216317387462015,
                        "R_macro_doc": 0.7134271804206445,
                        "F1_macro_doc": 0.7333363216953634,
                        "P_macro_doc_std": 0.41274415182961105,
                        "R_macro_doc_std": 0.22667353064289986,
                        "F1_macro_doc_std": 0.22557257448644225
                    },
                    "ent_type": {
                        "correct": 283,
                        "incorrect": 16,
                        "partial": 0,
                        "missed": 48,
                        "spurious": 149,
                        "possible": 347,
                        "actual": 448,
                        "TP": 283,
                        "FP": 165,
                        "FN": 64,
                        "P_micro": 0.6316964285714286,
                        "R_micro": 0.8155619596541787,
                        "F1_micro": 0.711949685534591,
                        "P_macro_doc": 0.5958935197757416,
                        "R_macro_doc": 0.8257103160697932,
                        "F1_macro_doc": 0.8439274537549698,
                        "P_macro_doc_std": 0.44637966036947424,
                        "R_macro_doc_std": 0.22249019795539982,
                        "F1_macro_doc_std": 0.20585768145952052
                    },
                    "exact": {
                        "correct": 266,
                        "incorrect": 33,
                        "partial": 0,
                        "missed": 48,
                        "spurious": 149,
                        "possible": 347,
                        "actual": 448,
                        "TP": 266,
                        "FP": 182,
                        "FN": 81,
                        "P_micro": 0.59375,
                        "R_micro": 0.7665706051873199,
                        "F1_micro": 0.6691823899371069,
                        "P_macro_doc": 0.5595446346738033,
                        "R_macro_doc": 0.740184584236872,
                        "F1_macro_doc": 0.766351003490533,
                        "P_macro_doc_std": 0.4175048897215287,
                        "R_macro_doc_std": 0.19821659881445228,
                        "F1_macro_doc_std": 0.18377980151483111
                    }
                },