{
    "NE-COARSE-LIT": {
        "TIME-ALL": {
            "LED-ALL": {
                "LOC": {
                    "partial": {
                        "correct": 790,
                        "incorrect": 0,
                        "partial": 39,
                        "missed": 117,
                        "spurious": 74,
                        "possible": 946,
                        "actual": 903,
                        "TP": 790,
                        "FP": 113,
                        "FN": 156,
                        "P_micro": 0.8964562569213732,
                        "R_micro": 0.8557082452431289,
                        "F1_micro": 0.8756084369929693,
                        "P_macro_doc": 0.9043359515118521,
                        "R_macro_doc": 0.8713202471898674,
                        "F1_macro_doc": 0.882498722364123,
                        "P_macro_doc_std": 0.17520487332999726,
                        "R_macro_doc_std": 0.16450542817470212,
                        "F1_macro_doc_std": 0.144289033993677
                    },
                    "strict": {
                        "correct": 777,
                        "incorrect": 52,
                        "partial": 0,
                        "missed": 117,
                        "spurious": 74,
                        "possible": 946,
                        "actual": 903,
                        "TP": 777,
                        "FP": 126,
                        "FN": 169,
                        "P_micro": 0.8604651162790697,
                        "R_micro": 0.821353065539112,
                        "F1_micro": 0.840454299621417,
                        "P_macro_doc": 0.8808436755805897,
                        "R_macro_doc": 0.8492841316651507,
                        "F1_macro_doc": 0.8601877986363367,
                        "P_macro_doc_std": 0.19018561191414035,
                        "R_macro_doc_std": 0.17937216687816848,
                        "F1_macro_doc_std": 0.16424154330817056
                    },
                    "ent_type": {
                        "correct": 814,
                        "incorrect": 15,
                        "partial": 0,
                        "missed": 117,
                        "spurious": 74,
                        "possible": 946,
                        "actual": 903,
                        "TP": 814,
                        "FP": 89,
                        "FN": 132,
                        "P_micro": 0.9014396456256921,
                        "R_micro": 0.8604651162790697,
                        "F1_micro": 0.8804759329367225,
                        "P_macro_doc": 0.9111278955602669,
                        "R_macro_doc": 0.8766539836913496,
                        "F1_macro_doc": 0.888784444448736,
                        "P_macro_doc_std": 0.18006872785715325,
                        "R_macro_doc_std": 0.16709756290474478,
                        "F1_macro_doc_std": 0.14988564142048044
                    },
                    "exact": {
                        "correct": 790,
                        "incorrect": 39,
                        "partial": 0,
                        "missed": 117,
                        "spurious": 74,
                        "possible": 946,
                        "actual": 903,
                        "TP": 790,
                        "FP": 113,
                        "FN": 156,
                        "P_micro": 0.8748615725359912,
                        "R_micro": 0.8350951374207188,
                        "F1_micro": 0.8545159545700379,
                        "P_macro_doc": 0.8879237880460777,
                        "R_macro_doc": 0.8570470858826504,
                        "F1_macro_doc": 0.8674101751113038,
                        "P_macro_doc_std": 0.18463347291338622,
                        "R_macro_doc_std": 0.17543850818883744,
                        "F1_macro_doc_std": 0.1573464387154252
                    }
                },
                "STREET": {
                    "partial": {
                        "correct": 41,
                        "incorrect": 0,
                        "partial": 8,
                        "missed": 7,
                        "spurious": 5,
                        "possible": 56,
                        "actual": 54,
                        "TP": 41,
                        "FP": 13,
                        "FN": 15,
                        "P_micro": 0.8333333333333334,
                        "R_micro": 0.8035714285714286,
                        "F1_micro": 0.8181818181818182,
                        "P_macro_doc": 0.8296874999999999,
                        "R_macro_doc": 0.7686274509803921,
                        "F1_macro_doc": 0.8369175627240144,
                        "P_macro_doc_std": 0.2736626057542288,
                        "R_macro_doc_std": 0.3264175897628288,
                        "F1_macro_doc_std": 0.2293591768240863
                    },
                    "strict": {
                        "correct": 33,
                        "incorrect": 16,
                        "partial": 0,
                        "missed": 7,
                        "spurious": 5,
                        "possible": 56,
                        "actual": 54,
                        "TP": 33,
                        "FP": 21,
                        "FN": 23,
                        "P_micro": 0.6111111111111112,
                        "R_micro": 0.5892857142857143,
                        "F1_micro": 0.6,
                        "P_macro_doc": 0.5901041666666667,
                        "R_macro_doc": 0.5421568627450979,
                        "F1_macro_doc": 0.5931899641577061,
                        "P_macro_doc_std": 0.4311414794013871,
                        "R_macro_doc_std": 0.43740984681061956,
                        "F1_macro_doc_std": 0.4134311887417438
                    },
                    "ent_type": {
                        "correct": 37,
                        "incorrect": 12,
                        "partial": 0,
                        "missed": 7,
                        "spurious": 5,
                        "possible": 56,
                        "actual": 54,
                        "TP": 37,
                        "FP": 17,
                        "FN": 19,
                        "P_micro": 0.6851851851851852,
                        "R_micro": 0.6607142857142857,
                        "F1_micro": 0.6727272727272727,
                        "P_macro_doc": 0.6942708333333334,
                        "R_macro_doc": 0.6450980392156862,
                        "F1_macro_doc": 0.6953405017921147,
                        "P_macro_doc_std": 0.38641446011069364,
                        "R_macro_doc_std": 0.4058302514632088,
                        "F1_macro_doc_std": 0.35527289608600376
                    },
                    "exact": {
                        "correct": 41,
                        "incorrect": 8,
                        "partial": 0,
                        "missed": 7,
                        "spurious": 5,
                        "possible": 56,
                        "actual": 54,
                        "TP": 41,
                        "FP": 13,
                        "FN": 15,
                        "P_micro": 0.7592592592592593,
                        "R_micro": 0.7321428571428571,
                        "F1_micro": 0.7454545454545455,
                        "P_macro_doc": 0.7333333333333334,
                        "R_macro_doc": 0.6754901960784314,
                        "F1_macro_doc": 0.7401433691756273,
                        "P_macro_doc_std": 0.4098610875785979,
                        "R_macro_doc_std": 0.4311641653541983,
                        "F1_macro_doc_std": 0.38629114360193073
                    }
                },
                "BUILDING": {
                    "partial": {
                        "correct": 103,